name,diet,period,lived_in,type,length (m),taxonomy,named_in,species,flight,,
aardonyx,herbivorous,Early Jurassic,South Africa,sauropod,8,Dinosauria Saurischia Sauropodomorpha Prosauropoda Anchisauria,2009,celestae,no,,
abelisaurus,carnivorous,Late Cretaceous,Argentina,large theropod,9,Dinosauria Saurischia Theropoda Neotheropoda Ceratosauria Neoceratosauria Abelisauridae Abelisaurinae,1985,comahuensis,no,,
achelousaurus,herbivorous,Late Cretaceous,USA,ceratopsian,6,Dinosauria Ornithischia Genasauria Cerapoda Marginocephalia Ceratopsia Neoceratopsia Coronosauria Ceratopsidae Centrosaurinae,1995,horneri,no,,
achillobator,carnivorous,Late Cretaceous,Mongolia,large theropod,5,Dinosauria Saurischia Theropoda Neotheropoda Tetanurae Avetheropoda Coelurosauria Tyrannoraptora Maniraptoriformes Maniraptora Paraves Eumaniraptora Dromaeosauridae,1999,giganteus,no,,
acrocanthosaurus,carnivorous,Early Cretaceous,USA,large theropod,12,Dinosauria Saurischia Theropoda Neotheropoda Tetanurae Avetheropoda Carnosauria Allosauroidea Carcharodontosauridae,1950,atokensis,no,,
aegyptosaurus,herbivorous,Late Cretaceous,Egypt,sauropod,15,Dinosauria Saurischia Sauropodomorpha Sauropoda Eusauropoda Neosauropoda Macronaria Camarasauromorpha Titanosauriformes Titanosauria,1932,baharijensis,no,,
afrovenator,carnivorous,Early Cretaceous,Niger,large theropod,9,Dinosauria Saurischia Theropoda Neotheropoda Tetanurae Spinosauroidea Megalosauridae Eustreptospondylinae,1944,abakensis,no,,
agilisaurus,herbivorous,Late Jurassic,China,euornithopod,1.5,Dinosauria Ornithischia Genasauria Cerapoda Ornithopoda Euornithopoda,1990,louderbacki,no,,
alamosaurus,herbivorous,Late Cretaceous,USA,sauropod,21,Dinosauria Saurischia Sauropodomorpha Sauropoda Eusauropoda Neosauropoda Macronaria Camarasauromorpha Titanosauriformes Titanosauria Lithostrotia,1922,sanjuanensis,no,,
albertaceratops,herbivorous,Late Cretaceous,USA,ceratopsian,7,Dinosauria Ornithischia,2007,nesmoi,no,,
albertosaurus,carnivorous,Late Cretaceous,Canada,large theropod,9,Dinosauria Saurischia Theropoda Neotheropoda Tetanurae Avetheropoda Coelurosauria Tyrannoraptora Tyrannosauroidea Tyrannosauridae Albertosaurinae,1914,libratus,no,,
alectrosaurus,carnivorous,Late Cretaceous,Mongolia,large theropod,5,Dinosauria Saurischia Theropoda Neotheropoda Tetanurae Avetheropoda Coelurosauria Tyrannoraptora Tyrannosauroidea,1933,olseni,no,,
alioramus,carnivorous,Late Cretaceous,Mongolia,large theropod,6,Dinosauria Saurischia Theropoda Neotheropoda Tetanurae Avetheropoda Coelurosauria Tyrannoraptora Tyrannosauroidea,1976,remotus,no,,
allosaurus,carnivorous,Late Jurassic,USA,large theropod,12,Dinosauria Saurischia Theropoda Neotheropoda Tetanurae Avetheropoda Carnosauria Allosauroidea Allosauridae,1877,fragilis,no,,
alvarezsaurus,carnivorous,Late Cretaceous,Argentina,small theropod,2,Dinosauria Saurischia Theropoda Neotheropoda Tetanurae Avetheropoda Coelurosauria Tyrannoraptora Maniraptoriformes Maniraptora Alvarezsauridae,1991,calvoi,no,,
amargasaurus,herbivorous,Early Cretaceous,Argentina,sauropod,12,Dinosauria Saurischia Sauropodomorpha Sauropoda Eusauropoda Neosauropoda Diplodocoidea Dicraeosauridae,1991,cazaui,no,,
ammosaurus,herbivorous,Early Jurassic,USA,sauropod,5,Dinosauria Saurischia Sauropodomorpha Prosauropoda Anchisauria Anchisauridae,1891,major,no,,
ampelosaurus,herbivorous,Late Cretaceous,France,sauropod,15,Dinosauria Saurischia Sauropodomorpha Sauropoda Eusauropoda Neosauropoda Macronaria Camarasauromorpha Titanosauriformes Titanosauria Lithostrotia,1995,atacis,no,,
amygdalodon,herbivorous,Mid Jurassic,Argentina,sauropod,15,Dinosauria Saurischia Sauropodomorpha Sauropoda Eusauropoda,1947,patagonicus,no,,
anchiceratops,herbivorous,Late Cretaceous,Canada,ceratopsian,6,Dinosauria Ornithischia Genasauria Cerapoda Marginocephalia Ceratopsia Neoceratopsia Coronosauria Ceratopsidae Chasmosaurinae,1914,ornatus,no,,
anchisaurus,herbivorous,Early Jurassic,USA,sauropod,2,Dinosauria Saurischia Sauropodomorpha Prosauropoda Anchisauria Anchisauridae,1885,polyzelous,no,,
ankylosaurus,herbivorous,Late Cretaceous,USA,armoured dinosaur,7,Dinosauria Ornithischia Genasauria Thyreophora Ankylosauromorpha Ankylosauria Ankylosauridae,1908,magniventris,no,,
anserimimus,carnivorous,Late Cretaceous,Mongolia,large theropod,3.5,Dinosauria Saurischia Theropoda Neotheropoda Tetanurae Avetheropoda Coelurosauria Tyrannoraptora Maniraptoriformes Ornithomimosauria Ornithomimidae,1988,planinychus,no,,
antarctosaurus,herbivorous,Late Cretaceous,Uruguay,sauropod,18,Dinosauria Saurischia Sauropodomorpha Sauropoda Eusauropoda Neosauropoda Macronaria Camarasauromorpha Titanosauriformes Titanosauria Lithostrotia,1929,wichmannianus,no,,
apatosaurus,herbivorous,Late Jurassic,USA,sauropod,21,Dinosauria Saurischia Sauropodomorpha Sauropoda Eusauropoda Neosauropoda Diplodocoidea Diplodocidae,1877,ajax,no,,
aragosaurus,herbivorous,Early Cretaceous,Spain,sauropod,18,Dinosauria Saurischia Sauropodomorpha Sauropoda Eusauropoda,1987,ischiadicus,no,,
aralosaurus,herbivorous,Late Cretaceous,Kazakhstan,euornithopod,8,Dinosauria Ornithischia Genasauria Cerapoda Ornithopoda Euornithopoda Iguanadontia Euiguanadontia Dryomorpha Ankylopollexia Iguanodontoidea Hadrosauridae Euhadrosauria Hadrosaurinae,1968,tuberiferus,no,,
archaeoceratops,herbivorous,Early Cretaceous,China,ceratopsian,1.3,Dinosauria Ornithischia Genasauria Cerapoda Marginocephalia Ceratopsia Neoceratopsia,1987,oshimai,no,,
archaeopteryx,carnivorous,Late Jurassic,Germany,small theropod,0.5,Dinosauria Saurischia Theropoda Neotheropoda Tetanurae Avetheropoda Coelurosauria Tyrannoraptora Maniraptoriformes Maniraptora Paraves Eumaniraptoria Avialae Archaeopterygidae,1861,lithographica,yes,,
archaeornithomimus,carnivorous,Late Cretaceous,Uzbekistan,small theropod,3.5,Dinosauria Saurischia Theropoda Neotheropoda Tetanurae Avetheropoda Coelurosauria Tyrannoraptora Maniraptoriformes Ornithomimosauria Ornithomimidae,1972,asiaticus,no,,
argentinosaurus,herbivorous,Late Cretaceous,Argentina,sauropod,35,Dinosauria Saurischia Sauropodomorpha Sauropoda Eusauropoda Neosauropoda Macronaria Camarasauromorpha Titanosauriformes Titanosauria,1993,huinculensis,no,,
arrhinoceratops,herbivorous,Late Cretaceous,Canada,ceratopsian,6,Dinosauria Ornithischia Genasauria Cerapoda Marginocephalia Ceratopsia Neoceratopsia Coronosauria Ceratopsidae Chasmosaurinae,1925,brachyops,no,,
atlascopcosaurus,herbivorous,Early Cretaceous,Australia,euornithopod,3,Dinosauria Ornithischia Genasauria Cerapoda Ornithopoda Euornithopoda,1989,loadsi,no,,
aucasaurus,carnivorous,Late Cretaceous,Argentina,large theropod,5,Dinosauria Saurischia Theropoda Neotheropoda Ceratosauria Neoceratosauria Abelisauroidea Abelisauria,2002,garridoi,no,,
austrosaurus,herbivorous,Early Cretaceous,Australia,sauropod,15,Dinosauria Saurischia Sauropodomorpha Sauropoda Eusauropoda Neosauropoda Macronaria Camarasauromorpha Titanosauriformes Titanosauria,1933,mckillopi,no,,
avaceratops,herbivorous,Late Cretaceous,USA,ceratopsian,2.3,Dinosauria Ornithischia Genasauria Cerapoda Marginocephalia Ceratopsia Neoceratopsia Coronosauria Ceratopsidae Centrosaurinae,1986,lammersi,no,,
avimimus,omnivorous,Late Cretaceous,Mongolia,small theropod,1.5,Dinosauria Saurischia Theropoda Neotheropoda Tetanurae Avetheropoda Coelurosauria Tyrannoraptora Maniraptoriformes Maniraptora Oviraptorosauria Avimimidae,1981,portentosus,no,,
bactrosaurus,herbivorous,Late Cretaceous,China,euornithopod,6,Dinosauria Ornithischia Genasauria Cerapoda Ornithopoda Euornithopoda Iguanadontia Euiguanadontia Dryomorpha Ankylopollexia Iguanodontoidea Hadrosauridae,1933,johnsoni,no,,
bagaceratops,herbivorous,Late Cretaceous,Mongolia,ceratopsian,1,Dinosauria Ornithischia Genasauria Cerapoda Marginocephalia Ceratopsia Neoceratopsia Bagaceratopsidae,1975,rozhdestvenskyi,no,,
bambiraptor,carnivorous,Late Cretaceous,USA,small theropod,1,Dinosauria Saurischia Theropoda Neotheropoda Tetanurae Avetheropoda Coelurosauria Tyrannoraptora Maniraptoriformes Maniraptora Paraves Eumaniraptora Dromaeosauridae,2000,feinbergorum,no,,
barapasaurus,herbivorous,Early Jurassic,India,sauropod,14,Dinosauria Saurischia Sauropodomorpha Sauropoda Eusauropoda Cetiosauridae,1975,tagorei,no,,
barosaurus,herbivorous,Late Jurassic,USA,sauropod,24,Dinosauria Saurischia Sauropodomorpha Sauropoda Eusauropoda Neosauropoda Diplodocoidea Diplodocidae,1890,lentus,no,,
baryonyx,carnivorous,Early Cretaceous,United Kingdom,large theropod,10,Dinosauria Saurischia Theropoda Neotheropoda Tetanurae Spinosauroidea Spinosauridae Baryonychinae,1987,walkeri,no,,
becklespinax,carnivorous,Early Cretaceous,United Kingdom,large theropod,5,Dinosauria Saurischia Theropoda Neotheropoda Tetanurae,1988,altispinax,no,,
beipiaosaurus,omnivorous,Early Cretaceous,China,small theropod,2,Dinosauria Saurischia Theropoda Neotheropoda Tetanurae Avetheropoda Coelurosauria Tyrannoraptora Maniraptoriformes Maniraptora Therizinosauroidea,1999,inexpectus,no,,
bellusaurus,herbivorous,Mid Jurassic,China,sauropod,5,Dinosauria Saurischia Sauropodomorpha Sauropoda Eusauropoda Neosauropoda Macronaria,1990,sui,no,,
borogovia,carnivorous,Late Cretaceous,Mongolia,small theropod,1.5,Dinosauria Saurischia Theropoda Neotheropoda Tetanurae Avetheropoda Coelurosauria Tyrannoraptora Maniraptoriformes Maniraptora Paraves Eumaniraptoria Troodontidae,1987,gracilicrus,no,,
brachiosaurus,herbivorous,Late Jurassic,USA,sauropod,30,Dinosauria Saurischia Sauropodomorpha Sauropoda Eusauropoda Neosauropoda Macronaria Camarasauromorpha Titanosauriformes Brachiosauridae,1903,altithorax,no,,
brachylophosaurus,herbivorous,Late Cretaceous,USA,euornithopod,7,Dinosauria Ornithischia Genasauria Cerapoda Ornithopoda Euornithopoda Iguanadontia Euiguanadontia Dryomorpha Ankylopollexia Iguanodontoidea Hadrosauridae Euhadrosauria Hadrosaurinae,1953,canadensis,no,,
brachytrachelopan,herbivorous,Mid Jurassic,Argentina,sauropod,10,Dinosauria Saurischia Sauropodomorpha Sauropoda Eusauropoda Neosauropoda Diplodocoidea Dicraeosauridae,2005,mesai,no,,
buitreraptor,carnivorous,Late Cretaceous,Argentina,small theropod,1.3,Dinosauria Saurischia Theropoda Neotheropoda Tetanurae Avetheropoda Coelurosauria Tyrannoraptora Maniraptoriformes Maniraptora Paraves Eumaniraptora Dromaeosauridae Unenlagiinae,2005,gonzalezorum,no,,
camarasaurus,herbivorous,Late Jurassic,USA,sauropod,23,Dinosauria Saurischia Sauropodomorpha Sauropoda Eusauropoda Neosauropoda Macronaria Camarasauromorpha Camarasauridae,1877,supremus,no,,
camptosaurus,herbivorous,Late Jurassic,USA,euornithopod,5,Dinosauria Ornithischia Genasauria Cerapoda Ornithopoda Euornithopoda Iguanadontia Euiguanadontia Dryomorpha Ankylopollexia,1885,dispar,no,,
carcharodontosaurus,carnivorous,Late Cretaceous,North Africa,large theropod,15,Dinosauria Saurischia Theropoda Neotheropoda Tetanurae Avetheropoda Carnosauria Allosauroidea Carcharodontosauridae,1931,saharicus,no,,
carnotaurus,carnivorous,Late Cretaceous,Argentina,large theropod,7.6,Dinosauria Saurischia Theropoda Neotheropoda Ceratosauria Neoceratosauria Abelisauridae,1985,sastrei,no,,
caudipteryx,omnivorous,Early Cretaceous,China,small theropod,1,Dinosauria Saurischia Theropoda Neotheropoda Tetanurae Avetheropoda Coelurosauria Tyrannoraptora Maniraptoriformes Maniraptora Oviraptorosauria Caudipterygidae,1998,zoui,no,,
cedarpelta,herbivorous,Early Cretaceous,USA,armoured dinosaur,10,Dinosauria Ornithischia Genasauria Thyreophora Ankylosauromorpha Ankylosauria Ankylosauridae,2001,bilbeyhallorum,no,,
centrosaurus,herbivorous,Late Cretaceous,Canada,ceratopsian,6,Dinosauria Ornithischia Genasauria Cerapoda Marginocephalia Ceratopsia Neoceratopsia Coronosauria Ceratopsidae Centrosaurinae,2000,apertus,no,,
ceratosaurus,carnivorous,Late Jurassic,USA,large theropod,6,Dinosauria Saurischia Theropoda Neotheropoda Ceratosauria Neoceratosauria,1884,nasicornis,no,,
cetiosauriscus,herbivorous,Mid Jurassic,United Kingdom,sauropod,15,Dinosauria Saurischia Sauropodomorpha Sauropoda Eusauropoda Neosauropoda Diplodocoidea,1927,stewarti,no,,
cetiosaurus,herbivorous,Mid Jurassic,United Kingdom,sauropod,18,Dinosauria Saurischia Sauropodomorpha Sauropoda Eusauropoda Cetiosauridae,1871,oxoniensis,no,,
chaoyangsaurus,herbivorous,Late Jurassic,China,ceratopsian,1.1,Dinosauria Ornithischia Genasauria Cerapoda Marginocephalia Ceratopsia Neoceratopsia,1999,youngi,no,,
chasmosaurus,herbivorous,Late Cretaceous,Canada,ceratopsian,5,Dinosauria Ornithischia Genasauria Cerapoda Marginocephalia Ceratopsia Neoceratopsia Coronosauria Ceratopsidae Chasmosaurinae,2000,belli,no,,
chindesaurus,carnivorous,Late Triassic,USA,small theropod,4,Dinosauria Saurischia Theropoda Herrerasauridae,1995,bryansmalli,no,,
chinshakiangosaurus,herbivorous,Late Jurassic,China,sauropod,11,Dinosauria Saurischia Sauropodomorpha Sauropoda,1975,zhongheensis,no,,
chirostenotes,omnivorous,Late Jurassic,Canada,small theropod,1.7,Dinosauria Saurischia Theropoda Neotheropoda Tetanurae Avetheropoda Coelurosauria Tyrannoraptora Maniraptoriformes Maniraptora Oviraptorosauria Caenagnathoidea Caenagnathidae,1924,pergracilis,no,,
chubutisaurus,herbivorous,Early Cretaceous,Argentina,sauropod,23,Dinosauria Saurischia Sauropodomorpha Sauropoda Eusauropoda Neosauropoda Macronaria Camarasauromorpha Titanosauriformes Titanosauria,1974,insignis,no,,
chungkingosaurus,herbivorous,Late Jurassic,China,armoured dinosaur,4,Dinosauria Ornithischia Genasauria Thyreophora Stegosauria Stegosauridae Stegosaurinae,1983,jiangbeiensis,no,,
citipati,omnivorous,Late Cretaceous,Mongolia,small theropod,2.1,Dinosauria Saurischia Theropoda Neotheropoda Tetanurae Avetheropoda Coelurosauria Tyrannoraptora Maniraptoriformes Maniraptora Oviraptorosauria Caenagnathoidea Oviraptoridae Oviraptorinae,2001,osmolskae,no,,
coelophysis,carnivorous,Late Triassic,Zimbabwe,small theropod,2,Dinosauria Saurischia Theropoda Neotheropoda Coelophysoidea Coelophysidae,2000,bauri,no,,
coelurus,carnivorous,Late Jurassic,USA,small theropod,1.8,Dinosauria Saurischia Theropoda Neotheropoda Tetanurae Avetheropoda Coelurosauria,1879,fragilis,no,,
coloradisaurus,omnivorous,Late Triassic,Argentina,sauropod,4,Dinosauria Saurischia Sauropodomorpha Prosauropoda Plateosauria Plateosauridae,1978,brevis,no,,
compsognathus,carnivorous,Late Jurassic,Germany,small theropod,0.65,Dinosauria Saurischia Theropoda Neotheropoda Tetanurae Avetheropoda Coelurosauria Compsognathidae,1859,longipes,no,,
conchoraptor,carnivorous,Late Cretaceous,Mongolia,small theropod,1.5,Dinosauria Saurischia Theropoda Neotheropoda Tetanurae Avetheropoda Coelurosauria Tyrannoraptora Maniraptoriformes Maniraptora Oviraptorosauria Caenagnathoidea Oviraptoridae Ingeniinae,1986,gracilis,no,,
confuciusornis,carnivorous,Early Cretaceous,China,small theropod,0.25,Dinosauria Saurischia Theropoda Neotheropoda Tetanurae Avetheropoda Coelurosauria Tyrannoraptora Maniraptoriformes Maniraptora Paraves Eumaniraptoria Avialae Ornithurae Avibrevicauda Pygostylia Confuciusornithidae,1995,sanctus,yes,,
corythosaurus,herbivorous,Late Cretaceous,USA,euornithopod,10,Dinosauria Ornithischia Genasauria Cerapoda Ornithopoda Euornithopoda Iguanadontia Euiguanadontia Dryomorpha Ankylopollexia Iguanodontoidea Hadrosauridae Euhadrosauria Lambeosaurinae,1914,casuarius,no,,
cryolophosaurus,carnivorous,Early Jurassic,Antarctica,large theropod,8,Dinosauria Saurischia Theropoda Neotheropoda Tetanurae Avetheropoda Carnosauria,1994,elliotti,no,,
dacentrurus,herbivorous,Late Jurassic,United Kingdom,armoured dinosaur,6,Dinosauria Ornithischia Genasauria Thyreophora Stegosauria Stegosauridae,1902,armatus,no,,
daspletosaurus,carnivorous,Late Cretaceous,Canada,large theropod,9,Dinosauria Saurischia Theropoda Neotheropoda Tetanurae Avetheropoda Coelurosauria Tyrannoraptora Tyrannosauroidea Tyrannosauridae Tyrannosaurinae,1970,torosus,no,,
datousaurus,herbivorous,Mid Jurassic,China,sauropod,15,Dinosauria Saurischia Sauropodomorpha Sauropoda,1984,bashanensis,no,,
deinocheirus,omnivorous,Late Cretaceous,Mongolia,large theropod,10,Dinosauria Saurischia Theropoda Neotheropoda Tetanurae Avetheropoda Coelurosauria Tyrannoraptora Maniraptoriformes Ornithomimosauria,1970,mirificus,no,,
deinonychus,carnivorous,Early Cretaceous,USA,small theropod,3,Dinosauria Saurischia Theropoda Neotheropoda Tetanurae Avetheropoda Coelurosauria Tyrannoraptora Maniraptoriformes Maniraptora Paraves Eumaniraptora Dromaeosauridae,1969,antirrhopus,no,,
deltadromeus,carnivorous,Late Cretaceous,Morocco,large theropod,8.1,Dinosauria Saurischia Theropoda Neotheropoda Tetanurae Avetheropoda Coelurosauria,1996,agilis,no,,
dicraeosaurus,herbivorous,Late Jurassic,Tanzania,sauropod,20,Dinosauria Saurischia Sauropodomorpha Sauropoda Eusauropoda Neosauropoda Diplodocoidea Dicraeosauridae,1914,hansemanni,no,,
dilophosaurus,carnivorous,Early Jurassic,USA,large theropod,6,Dinosauria Saurischia Theropoda Neotheropoda Dilophosauridae,2000,wetherilli,no,,
diplodocus,herbivorous,Late Jurassic,USA,sauropod,26,Dinosauria Saurischia Sauropodomorpha Sauropoda Eusauropoda Neosauropoda Diplodocoidea Diplodocidae,1878,longus,no,,
dromaeosaurus,carnivorous,Late Cretaceous,USA,small theropod,1.8,Dinosauria Saurischia Theropoda Neotheropoda Tetanurae Avetheropoda Coelurosauria Tyrannoraptora Maniraptoriformes Maniraptora Paraves Eumaniraptora Dromaeosauridae,1922,albertensis,no,,
dromiceiomimus,omnivorous,Late Cretaceous,Canada,large theropod,3.5,Dinosauria Saurischia Theropoda Neotheropoda Tetanurae Avetheropoda Coelurosauria Tyrannoraptora Maniraptoriformes Ornithomimosauria Ornithomimidae,1926,brevitertius,no,,
dryosaurus,herbivorous,Late Jurassic,USA,euornithopod,4,Dinosauria Ornithischia Genasauria Cerapoda Ornithopoda Euornithopoda Iguanadontia Euiguanadontia Dryomorpha Dryosauridae,1894,altus,no,,
dryptosaurus,carnivorous,Late Cretaceous,USA,large theropod,6.4,Dinosauria Saurischia Theropoda Neotheropoda Tetanurae Avetheropoda Coelurosauria Tyrannoraptora Tyrannosauroidea,1866,aquilunguis,no,,
dubreuillosaurus,carnivorous,Late Jurassic,France,large theropod,5,Dinosauria Saurischia Theropoda Neotheropoda Tetanurae Spinosauroidea Megalosauridae Eustreptospondylinae,2005,valesdunensis,no,,
edmontonia,herbivorous,Late Cretaceous,Canada,armoured dinosaur,4,Dinosauria Ornithischia Genasauria Thyreophora Ankylosauromorpha Ankylosauria Nodosauridae,1928,longiceps,no,,
edmontosaurus,herbivorous,Late Cretaceous,Canada,euornithopod,13,Dinosauria Ornithischia Genasauria Cerapoda Ornithopoda Euornithopoda Iguanadontia Euiguanadontia Dryomorpha Ankylopollexia Iguanodontoidea Hadrosauridae Euhadrosauria Hadrosaurinae,1917,regalis,no,,
einiosaurus,herbivorous,Late Cretaceous,USA,ceratopsian,6,Dinosauria Ornithischia Genasauria Cerapoda Marginocephalia Ceratopsia Neoceratopsia Coronosauria Ceratopsidae Centrosaurinae,1995,procurvicornis,no,,
elaphrosaurus,carnivorous,Late Jurassic,Tanzania,large theropod,6.2,Dinosauria Saurischia Theropoda Neotheropoda Ceratosauria Neoceratosauria,1920,bambergi,no,,
emausaurus,herbivorous,Mid Jurassic,Germany,armoured dinosaur,2,Dinosauria Ornithischia Genasauria Thyreophora,1991,ernsti,no,,
eolambia,herbivorous,Late Cretaceous,USA,euornithopod,6,Dinosauria Ornithischia Genasauria Cerapoda Ornithopoda Euornithopoda Iguanadontia Euiguanadontia Dryomorpha Ankylopollexia Iguanodontoidea,1998,caroljonesa,no,,
eoraptor,carnivorous,Late Triassic,Argentina,small theropod,1,Dinosauria Saurischia Theropoda,1993,lunensis,no,,
eotyrannus,carnivorous,Early Cretaceous,United Kingdom,large theropod,5,Dinosauria Saurischia Theropoda Neotheropoda Tetanurae Avetheropoda Coelurosauria Tyrannoraptora Tyrannosauroidea,2001,lengi,no,,
equijubus,herbivorous,Early Cretaceous,China,euornithopod,7,Dinosauria Ornithischia Genasauria Cerapoda Ornithopoda Euornithopoda Iguanadontia Euiguanadontia Dryomorpha Ankylopollexia Iguanodontoidea,2003,normani,no,,
erketu,herbivorous,Early Cretaceous,Mongolia,sauropod,15,Dinosauria Saurischia Sauropodomorpha Sauropoda Eusauropoda Neosauropoda Macronaria Camarasauromorpha Titanosauriformes Titanosauria,2006,ellisoni,no,,
erlikosaurus,omnivorous,Late Cretaceous,Mongolia,small theropod,3.4,Dinosauria Saurischia Theropoda Neotheropoda Tetanurae Avetheropoda Coelurosauria Tyrannoraptora Maniraptoriformes Maniraptora Therizinosauroidea Therizinosauridae,1980,andrewsi,no,,
euhelopus,herbivorous,Late Jurassic,China,sauropod,10,Dinosauria Saurischia Sauropodomorpha Sauropoda Eusauropoda,1929,zdanskyi,no,,
euoplocephalus,herbivorous,Late Cretaceous,USA,armoured dinosaur,7,Dinosauria Ornithischia Genasauria Thyreophora Ankylosauromorpha Ankylosauria Ankylosauridae,2000,tutus,no,,
europasaurus,herbivorous,Late Jurassic,Germany,sauropod,6.2,Dinosauria Saurischia Sauropodomorpha Sauropoda Eusauropoda Neosauropoda Macronaria,2006,holgeri,no,,
eustreptospondylus,carnivorous,Mid Jurassic,United Kingdom,large theropod,7,Dinosauria Saurischia Theropoda Neotheropoda Tetanurae Spinosauroidea Megalosauridae Eustreptospondylinae,1964,oxoniensis,no,,
fukuiraptor,carnivorous,Early Cretaceous,Japan,large theropod,4.2,Dinosauria Saurischia Theropoda Neotheropoda Tetanurae Avetheropoda Carnosauria,2000,kitadaniensis,no,,
fukuisaurus,herbivorous,Early Cretaceous,Japan,euornithopod,4.7,Dinosauria Ornithischia Genasauria Cerapoda Ornithopoda Euornithopoda Iguanadontia Euiguanadontia Dryomorpha Ankylopollexia Iguanodontoidea,2003,tetoriensius,no,,
gallimimus,omnivorous,Late Cretaceous,Mongolia,large theropod,6,Dinosauria Saurischia Theropoda Neotheropoda Tetanurae Avetheropoda Coelurosauria Tyrannoraptora Maniraptoriformes Ornithomimosauria Ornithomimidae,1972,bullatus,no,,
gargoyleosaurus,herbivorous,Late Jurassic,USA,armoured dinosaur,4,Dinosauria Ornithischia Genasauria Thyreophora Ankylosauromorpha Ankylosauria,1998,parkpinorum,no,,
garudimimus,omnivorous,Late Cretaceous,Mongolia,large theropod,4.7,Dinosauria Saurischia Theropoda Neotheropoda Tetanurae Avetheropoda Coelurosauria Tyrannoraptora Maniraptoriformes Ornithomimosauria,1981,brevipes,no,,
gasosaurus,carnivorous,Mid Jurassic,China,small theropod,4,Dinosauria Saurischia Theropoda Neotheropoda Tetanurae Avetheropoda,1985,constructus,no,,
gasparinisaura,herbivorous,Late Cretaceous,Argentina,euornithopod,0.8,Dinosauria Ornithischia Genasauria Cerapoda Ornithopoda Euornithopoda,1996,cincosaltensis,no,,
gastonia,herbivorous,Early Cretaceous,USA,armoured dinosaur,4.6,Dinosauria Ornithischia Genasauria Thyreophora Ankylosauromorpha Ankylosauria,1998,burgei,no,,
giganotosaurus,carnivorous,Early Cretaceous,Argentina,large theropod,12.5,Dinosauria Saurischia Theropoda Neotheropoda Tetanurae Avetheropoda Carnosauria Allosauroidea Carcharodontosauridae,1995,carolinii,no,,
gilmoreosaurus,herbivorous,Late Cretaceous,China,euornithopod,6,Dinosauria Ornithischia Genasauria Cerapoda Ornithopoda Euornithopoda Iguanadontia Euiguanadontia Dryomorpha Ankylopollexia Iguanodontoidea Hadrosauridae,1979,mongoliensis,no,,
giraffatitan,herbivorous,Late Jurassic,Tanzania,sauropod,23,Dinosauria Saurischia Sauropodomorpha Sauropoda Eusauropoda Neosauropoda Macronaria Camarasauromorpha Titanosauriformes Brachiosauridae,1914,brancai,no,,
gobisaurus,herbivorous,Early Cretaceous,China,armoured dinosaur,5,Dinosauria Ornithischia Genasauria Thyreophora Ankylosauromorpha Ankylosauria Ankylosauridae,2001,domoculus,no,,
gorgosaurus,carnivorous,Late Cretaceous,USA,large theropod,8.6,Dinosauria Saurischia Theropoda Neotheropoda Tetanurae Avetheropoda Coelurosauria Tyrannoraptora Tyrannosauroidea Tyrannosauridae Albertosaurinae,1914,libratus,no,,
goyocephale,herbivorous,Late Cretaceous,Mongolia,large theropod,2,Dinosauria Ornithischia Genasauria Cerapoda Marginocephalia Pachycephalosauria Goyocephala,1982,lattimorei,no,,
graciliceratops,herbivorous,Late Cretaceous,Mongolia,ceratopsian,2,Dinosauria Ornithischia Genasauria Cerapoda Marginocephalia Ceratopsia Neoceratopsia,2000,mongoliensis,no,,
gryposaurus,herbivorous,Late Cretaceous,USA,euornithopod,10,Dinosauria Ornithischia Genasauria Cerapoda Ornithopoda Euornithopoda Iguanadontia Euiguanadontia Dryomorpha Ankylopollexia Iguanodontoidea Hadrosauridae Euhadrosauria Hadrosaurinae,1914,notabilis,no,,
guaibasaurus,herbivorous,Late Triassic,Brazil,small theropod,1.8,Dinosauria Saurischia Theropoda,1999,candelariensis,no,,
guanlong,carnivorous,Late Jurassic,China,small theropod,3,Dinosauria Saurischia Theropoda Neotheropoda Tetanurae Avetheropoda Coelurosauria Tyrannoraptora Tyrannosauroidea,2006,wucaii,no,,
hadrosaurus,herbivorous,Late Cretaceous,USA,euornithopod,9,Dinosauria Ornithischia Genasauria Cerapoda Ornithopoda Euornithopoda Iguanadontia Euiguanadontia Dryomorpha Ankylopollexia Iguanodontoidea Hadrosauridae Euhadrosauria Hadrosaurinae,1858,foulkii,no,,
hagryphus,omnivorous,Late Cretaceous,USA,small theropod,3,Dinosauria Saurischia Theropoda Neotheropoda Tetanurae Avetheropoda Coelurosauria Tyrannoraptora Maniraptoriformes Maniraptora Oviraptorosauria,2005,giganteus,no,,
haplocanthosaurus,herbivorous,Late Jurassic,USA,sauropod,21.5,Dinosauria Saurischia Sauropodomorpha Sauropoda Eusauropoda Neosauropoda Macronaria Camarasauromorpha Camarasauridae,1903,priscus,no,,
harpymimus,omnivorous,Early Cretaceous,Mongolia,small theropod,2,Dinosauria Saurischia Theropoda Neotheropoda Tetanurae Avetheropoda Coelurosauria Tyrannoraptora Maniraptoriformes Ornithomimosauria,1984,okladnikovi,no,,
herrerasaurus,carnivorous,Late Triassic,Argentina,small theropod,3,Dinosauria Saurischia Theropoda Herrerasauridae,1963,ischigualastensis,no,,
hesperosaurus,herbivorous,Late Jurassic,USA,armoured dinosaur,6,Dinosauria Ornithischia Genasauria Thyreophora Stegosauria Stegosauridae Stegosaurinae,2001,mjosi,no,,
heterodontosaurus,herbivorous,Early Jurassic,South Africa,euornithopod,1.2,Dinosauria Ornithischia Genasauria Cerapoda Heterodontosauridae,1962,tucki,no,,
heyuannia,omnivorous,Late Cretaceous,Mongolia,small theropod,2,Dinosauria Saurischia Theropoda Neotheropoda Tetanurae Avetheropoda Coelurosauria Tyrannoraptora Maniraptoriformes Maniraptora Oviraptorosauria Caenagnathoidea Oviraptoridae Ingeniinae,1981,yanshini,no,,
homalocephale,herbivorous,Late Cretaceous,Mongolia,euornithopod,1.5,Dinosauria Ornithischia Genasauria Cerapoda Marginocephalia Pachycephalosauria Goyocephala Homalocephaloidea,1974,calathocercos,no,,
huayangosaurus,herbivorous,Mid Jurassic,China,armoured dinosaur,4.5,Dinosauria Ornithischia Genasauria Thyreophora Stegosauria Huayangosauridae,1982,taibaii,no,,
hylaeosaurus,herbivorous,Early Cretaceous,United Kingdom,armoured dinosaur,5,Dinosauria Ornithischia Genasauria Thyreophora Ankylosauromorpha Ankylosauria,1833,armatus,no,,
hypacrosaurus,herbivorous,Late Cretaceous,USA,euornithopod,9,Dinosauria Ornithischia Genasauria Cerapoda Ornithopoda Euornithopoda Iguanadontia Euiguanadontia Dryomorpha Ankylopollexia Iguanodontoidea Hadrosauridae Euhadrosauria Lambeosaurinae,1913,altispinus,no,,
hypsilophodon,herbivorous,Early Cretaceous,United Kingdom,euornithopod,2.3,Dinosauria Ornithischia Genasauria Cerapoda Ornithopoda Euornithopoda Hypsilophodontidae,1869,foxii,no,,
iguanodon,herbivorous,Early Cretaceous,United Kingdom,euornithopod,10,Dinosauria Ornithischia Genasauria Cerapoda Ornithopoda Euornithopoda Iguanadontia Euiguanadontia Dryomorpha Ankylopollexia Iguanodontoidea,1881,bernissartensis,no,,
indosuchus,carnivorous,Late Cretaceous,India,large theropod,7,Dinosauria Saurischia Theropoda Neotheropoda Ceratosauria Neoceratosauria,1933,raptorius,no,,
irritator,carnivorous,Early Cretaceous,Brazil,large theropod,6.5,Dinosauria Saurischia Theropoda Neotheropoda Tetanurae Spinosauroidea Spinosauridae Spinosaurinae,1996,challengeri,no,,
isisaurus,herbivorous,Late Cretaceous,India,sauropod,18,Dinosauria Saurischia Sauropodomorpha Sauropoda Eusauropoda Neosauropoda Macronaria Camarasauromorpha Titanosauriformes Titanosauria Lithostrotia,1997,colberti,no,,
janenschia,herbivorous,Late Jurassic,Tanzania,sauropod,20,Dinosauria Saurischia Sauropodomorpha Sauropoda Eusauropoda Neosauropoda Macronaria Camarasauromorpha Titanosauriformes Titanosauria,1991,robusta,no,,
jaxartosaurus,herbivorous,Late Cretaceous,Kazakhstan,euornithopod,9,Dinosauria Ornithischia Genasauria Cerapoda Ornithopoda Euornithopoda Iguanadontia Euiguanadontia Dryomorpha Ankylopollexia Iguanodontoidea Hadrosauridae Euhadrosauria Lambeosaurinae,1939,aralensis,no,,
jingshanosaurus,herbivorous,Early Jurassic,China,sauropod,5,Dinosauria Saurischia Sauropodomorpha Prosauropoda Plateosauria,1995,xinwaensis,no,,
jinzhousaurus,herbivorous,Early Cretaceous,China,euornithopod,7,Dinosauria Ornithischia Genasauria Cerapoda Ornithopoda Euornithopoda Iguanadontia Euiguanadontia Dryomorpha Ankylopollexia Iguanodontoidea,2001,yangi,no,,
jobaria,herbivorous,Early Cretaceous,Niger,sauropod,21,Dinosauria Saurischia Sauropodomorpha Sauropoda Eusauropoda Neosauropoda Macronaria,1999,tiguidensis,no,,
juravenator,carnivorous,Late Jurassic,Germany,small theropod,0.8,Dinosauria Saurischia Theropoda Neotheropoda Tetanurae Avetheropoda Coelurosauria Compsognathidae,2006,starki,no,,
kentrosaurus,herbivorous,Late Jurassic,Tanzania,armoured dinosaur,5,Dinosauria Ornithischia Genasauria Thyreophora Stegosauria Stegosauridae Stegosaurinae,1915,aethiopicus,no,,
khaan,omnivorous,Late Cretaceous,Mongolia,small theropod,1.8,Dinosauria Saurischia Theropoda Neotheropoda Tetanurae Avetheropoda Coelurosauria Tyrannoraptora Maniraptoriformes Maniraptora Oviraptorosauria Caenagnathoidea Oviraptoridae Ingeniinae,2001,mckennai,no,,
kotasaurus,herbivorous,Early Jurassic,India,sauropod,9,Dinosauria Saurischia Sauropodomorpha Sauropoda,1988,yamanpalliensis,no,,
kritosaurus,herbivorous,Late Cretaceous,USA,euornithopod,8,Dinosauria Ornithischia Genasauria Cerapoda Ornithopoda Euornithopoda Iguanadontia Euiguanadontia Dryomorpha Ankylopollexia Iguanodontoidea Hadrosauridae Euhadrosauria Hadrosaurinae,1910,navajovius,no,,
lambeosaurus,herbivorous,Late Cretaceous,Canada,euornithopod,9,Dinosauria Ornithischia Genasauria Cerapoda Ornithopoda Euornithopoda Iguanadontia Euiguanadontia Dryomorpha Ankylopollexia Iguanodontoidea Hadrosauridae Euhadrosauria Lambeosaurinae,1923,lambei,no,,
lapparentosaurus,herbivorous,Mid Jurassic,Madagascar,sauropod,15,Dinosauria Saurischia Sauropodomorpha Sauropoda Eusauropoda Neosauropoda Macronaria Camarasauromorpha Titanosauriformes,1986,madagascariensis,no,,
leaellynasaura,herbivorous,Early Cretaceous,Australia,euornithopod,2,Dinosauria Ornithischia Genasauria Cerapoda Ornithopoda Euornithopoda,1989,amicagraphica,no,,
leptoceratops,herbivorous,Late Cretaceous,USA,ceratopsian,3,Dinosauria Ornithischia Genasauria Cerapoda Marginocephalia Ceratopsia Neoceratopsia Coronosauria,1914,gracilis,no,,
lesothosaurus,herbivorous,Early Jurassic,Lesotho,small theropod,2,Dinosauria Ornithischia,1978,diagnosticus,no,,
liaoceratops,herbivorous,Early Cretaceous,China,ceratopsian,0.8,Dinosauria Ornithischia Genasauria Cerapoda Marginocephalia Ceratopsia Neoceratopsia,2002,yanzigouensis,no,,
ligabuesaurus,herbivorous,Early Cretaceous,Argentina,sauropod,24,Dinosauria Saurischia Sauropodomorpha Sauropoda Eusauropoda Neosauropoda Macronaria Camarasauromorpha Titanosauriformes Titanosauria,2006,leanzai,no,,
liliensternus,carnivorous,Late Triassic,Germany,small theropod,5,Dinosauria Saurischia Theropoda Neotheropoda,1934,liliensterni,no,,
lophorhothon,herbivorous,Late Cretaceous,USA,euornithopod,4.5,Dinosauria Ornithischia Genasauria Cerapoda Ornithopoda Euornithopoda Iguanadontia Euiguanadontia Dryomorpha Ankylopollexia Iguanodontoidea Hadrosauridae Euhadrosauria Hadrosaurinae,1960,atopus,no,,
lophostropheus,carnivorous,Early Jurassic,France,large theropod,6.2,Dinosauria Saurischia,1993,airelensis,no,,
lufengosaurus,herbivorous,Early Jurassic,China,sauropod,6,Dinosauria Saurischia Sauropodomorpha Prosauropoda Plateosauria Plateosauridae,1941,huenei,no,,
lurdusaurus,herbivorous,Early Cretaceous,Niger,euornithopod,9,Dinosauria Ornithischia Genasauria Cerapoda Ornithopoda Euornithopoda Iguanadontia Euiguanadontia Dryomorpha Ankylopollexia Iguanodontoidea,1999,arenatus,no,,
lycorhinus,herbivorous,Late Triassic,South Africa,euornithopod,1.2,Dinosauria Ornithischia Genasauria Cerapoda Heterodontosauridae,1924,angustidens,no,,
magyarosaurus,herbivorous,Late Cretaceous,Romania,sauropod,5,Dinosauria Saurischia Sauropodomorpha Sauropoda Eusauropoda Neosauropoda Macronaria Camarasauromorpha Titanosauriformes Titanosauria Lithostrotia,1915,dacus,no,,
maiasaura,herbivorous,Late Cretaceous,USA,euornithopod,9,Dinosauria Ornithischia Genasauria Cerapoda Ornithopoda Euornithopoda Iguanadontia Euiguanadontia Dryomorpha Ankylopollexia Iguanodontoidea Hadrosauridae Euhadrosauria Hadrosaurinae,1979,peeblesorum,no,,
majungasaurus,carnivorous,Late Cretaceous,Madagascar,large theropod,6,Dinosauria Saurischia Theropoda Neotheropoda Ceratosauria Neoceratosauria Abelisauridae,1979,atopus,no,,
malawisaurus,herbivorous,Early Cretaceous,Malawi,sauropod,9,Dinosauria Saurischia Sauropodomorpha Sauropoda Eusauropoda Neosauropoda Macronaria Camarasauromorpha Titanosauriformes Titanosauria Lithostrotia,1928,dixeyi,no,,
mamenchisaurus,herbivorous,Late Jurassic,China,sauropod,22,Dinosauria Saurischia Sauropodomorpha Sauropoda Eusauropoda,1954,constructus,no,,
mapusaurus,carnivorous,Late Cretaceous,Argentina,large theropod,13,Dinosauria Saurischia Theropoda Neotheropoda Tetanurae Avetheropoda Carnosauria Allosauroidea Allosauridae Charcharodontosauridae Giganotosaurinae,2006,roseae,no,,
marshosaurus,carnivorous,Late Jurassic,USA,large theropod,6,Dinosauria Saurischia Theropoda Neotheropoda Tetanurae Avetheropoda,1976,bicentesimus,no,,
masiakasaurus,carnivorous,Late Cretaceous,Madagascar,small theropod,2,Dinosauria Saurischia Theropoda Neotheropoda Ceratosauria Neoceratosauria Abelisauroidea Abelisauria,2001,knopfleri,no,,
massospondylus,omnivorous,Early Jurassic,Zimbabwe,sauropod,4,Dinosauria Saurischia Sauropodomorpha Prosauropoda Plateosauria Plateosauridae,1854,carinatus,no,,
maxakalisaurus,herbivorous,Late Cretaceous,Brazil,sauropod,13,Dinosauria Saurischia Sauropodomorpha Sauropoda Eusauropoda Neosauropoda Macronaria Camarasauromorpha Titanosauriformes Titanosauria Lithostrotia Saltasauridae Saltasaurinae,2006,topai,no,,
megalosaurus,carnivorous,Mid Jurassic,United Kingdom,large theropod,9,Dinosauria Saurischia Theropoda Neotheropoda Tetanurae Spinosauroidea Megalosauridae Megalosaurinae,1826,bucklandii,no,,
melanorosaurus,omnivorous,Late Triassic,South Africa,sauropod,12,Dinosauria Saurischia Sauropodomorpha Prosauropoda Anchisauria Melanorosauridae,1924,readi,no,,
metriacanthosaurus,carnivorous,Late Jurassic,United Kingdom,large theropod,8.2,Dinosauria Saurischia Theropoda Neotheropoda Tetanurae,1964,parkeri,no,,
microceratus,herbivorous,Late Cretaceous,Mongolia,ceratopsian,0.5,Dinosauria Ornithischia Genasauria Cerapoda Marginocephalia Ceratopsia Neoceratopsia Coronosauria,1953,gobiensis,no,,
micropachycephalosaurus,herbivorous,Late Cretaceous,China,ceratopsian,0.6,Dinosauria Ornithischia Genasauria Cerapoda Marginocephalia Pachycephalosauria,1978,hongtuyanensis,no,,
microraptor,carnivorous,Early Cretaceous,China,small theropod,0.8,Dinosauria Saurischia Theropoda Neotheropoda Tetanurae Avetheropoda Coelurosauria Tyrannoraptora Maniraptoriformes Maniraptora Paraves Eumaniraptora Dromaeosauridae,2000,zhaoianus,no,,
minmi,herbivorous,Early Cretaceous,Australia,armoured dinosaur,3,Dinosauria Ornithischia Genasauria Thyreophora Ankylosauromorpha Ankylosauria,1980,paravertebra,no,,
monolophosaurus,carnivorous,Mid Jurassic,China,large theropod,5.7,Dinosauria Saurischia Theropoda Neotheropoda Tetanurae Avetheropoda Carnosauria,1993,jiangi,no,,
mononykus,unknown,Late Cretaceous,Mongolia,small theropod,1,Dinosauria Saurischia Theropoda Neotheropoda Tetanurae Avetheropoda Coelurosauria Tyrannoraptora Maniraptoriformes Maniraptora Alvarezsauridae,1993,olecranus,no,,
mussaurus,herbivorous,Late Triassic,Argentina,sauropod,3,Dinosauria Saurischia Sauropodomorpha Prosauropoda Plateosauria Plateosauridae,1979,patagonicus,no,,
muttaburrasaurus,herbivorous,Early Cretaceous,Australia,euornithopod,7,Dinosauria Ornithischia Genasauria Cerapoda Ornithopoda Euornithopoda Iguanadontia Euiguanadontia Dryomorpha Ankylopollexia Iguanodontoidea,1981,langdoni,no,,
nanshiungosaurus,omnivorous,Late Cretaceous,China,large theropod,4.4,Dinosauria Saurischia Theropoda Neotheropoda Tetanurae Avetheropoda Coelurosauria Tyrannoraptora Maniraptoriformes Maniraptora Therizinosauroidea Therizinosauridae,1979,brevispinus,no,,
nedoceratops,herbivorous,Late Cretaceous,USA,ceratopsian,7,Dinosauria Ornithischia Genasauria Cerapoda Marginocephalia Ceratopsia Neoceratopsia Coronosauria Ceratopsidae Chasmosaurinae,1905,hatcheri,no,,
nemegtosaurus,herbivorous,Late Cretaceous,Mongolia,sauropod,13,Dinosauria Saurischia Sauropodomorpha Sauropoda Eusauropoda Neosauropoda Diplodocoidea Nemegtosauridae,1971,mongoliensis,no,,
neovenator,carnivorous,Early Cretaceous,United Kingdom,large theropod,7.4,Dinosauria Saurischia Theropoda Neotheropoda Tetanurae Avetheropoda Carnosauria Allosauroidea Carcharodontosauridae,1996,salerii,no,,
neuquenosaurus,herbivorous,Late Cretaceous,Argentina,sauropod,10,Dinosauria Saurischia Sauropodomorpha Sauropoda Eusauropoda Neosauropoda Macronaria Camarasauromorpha Titanosauriformes Titanosauria Lithostrotia Saltasauridae,1893,australis,no,,
nigersaurus,herbivorous,Early Cretaceous,Tunisia,sauropod,15,Dinosauria Saurischia Sauropodomorpha Sauropoda Eusauropoda Neosauropoda Diplodocoidea Rebbachisauridae,1999,taqueti,no,,
nipponosaurus,herbivorous,Late Cretaceous,Russia,euornithopod,6,Dinosauria Ornithischia Genasauria Cerapoda Ornithopoda Euornithopoda Iguanadontia Euiguanadontia Dryomorpha Ankylopollexia Iguanodontoidea Hadrosauridae Euhadrosauria Lambeosaurinae,1936,sachalinensis,no,,
noasaurus,carnivorous,Late Cretaceous,Argentina,small theropod,1,Dinosauria Saurischia Theropoda Neotheropoda Ceratosauria Neoceratosauria Abelisauroidea Abelisauria,1980,leali,no,,
nodosaurus,herbivorous,Early Cretaceous,USA,armoured dinosaur,5,Dinosauria Ornithischia Genasauria Thyreophora Ankylosauromorpha Ankylosauria Nodosauridae,1889,textilis,no,,
nomingia,omnivorous,Late Cretaceous,Mongolia,small theropod,1.6,Dinosauria Saurischia Theropoda Neotheropoda Tetanurae Avetheropoda Coelurosauria Tyrannoraptora Maniraptoriformes Maniraptora Oviraptorosauria Caenagnathoidea Caenagnathidae,2000,gobiensis,no,,
nothronychus,omnivorous,Late Cretaceous,USA,large theropod,5.3,Dinosauria Saurischia Theropoda Neotheropoda Tetanurae Avetheropoda Coelurosauria Tyrannoraptora Maniraptoriformes Maniraptora Therizinosauroidea Therizinosauridae,2001,mckinleyi,no,,
nqwebasaurus,carnivorous,Mid Jurassic,South Africa,small theropod,1,Dinosauria Saurischia Theropoda Neotheropoda Tetanurae Avetheropoda Coelurosauria,2000,thwazi,no,,
omeisaurus,herbivorous,Mid Jurassic,China,sauropod,20,Dinosauria Saurischia Sauropodomorpha Sauropoda Eusauropoda,1939,junghsiensis,no,,
opisthocoelicaudia,herbivorous,Late Cretaceous,Mongolia,sauropod,12,Dinosauria Saurischia Sauropodomorpha Sauropoda Eusauropoda Neosauropoda Macronaria Camarasauromorpha Titanosauriformes Titanosauria Lithostrotia Saltasauridae,1977,skarzynskii ,no,,
ornitholestes,carnivorous,Late Jurassic,USA,small theropod,2,Dinosauria Saurischia Theropoda Neotheropoda Tetanurae Avetheropoda Coelurosauria,1933,hermanni,no,,
ornithomimus,omnivorous,Late Cretaceous,USA,large theropod,4,Dinosauria Saurischia Theropoda Neotheropoda Tetanurae Avetheropoda Coelurosauria Tyrannoraptora Maniraptoriformes Ornithomimosauria Ornithomimidae,1890,velox,no,,
orodromeus,herbivorous,Late Cretaceous,USA,euornithopod,2,Dinosauria Ornithischia Genasauria Cerapoda Ornithopoda Euornithopoda,1988,makelai,no,,
oryctodromeus,herbivorous,Late Cretaceous,USA,euornithopod,2.1,Dinosauria Ornithischia,2007,cubicularis,no,,
othnielia,herbivorous,Late Jurassic,USA,euornithopod,1.4,Dinosauria Ornithischia Genasauria Cerapoda Ornithopoda Euornithopoda,1877,rex,no,,
ouranosaurus,herbivorous,Early Cretaceous,Niger,euornithopod,7,Dinosauria Ornithischia Genasauria Cerapoda Ornithopoda Euornithopoda Iguanadontia Euiguanadontia Dryomorpha Ankylopollexia Iguanodontoidea,1976,nigeriensis,no,,
oviraptor,omnivorous,Late Cretaceous,Mongolia,small theropod,2,Dinosauria Saurischia Theropoda Neotheropoda Tetanurae Avetheropoda Coelurosauria Tyrannoraptora Maniraptoriformes Maniraptora Oviraptorosauria Caenagnathoidea Oviraptoridae Oviraptorinae,1924,philoceratops,no,,
pachycephalosaurus,herbivorous,Late Cretaceous,USA,euornithopod,8,Dinosauria Ornithischia Genasauria Cerapoda Marginocephalia Pachycephalosauria Goyocephala Homalocephaloidea Pachycephalosauridae,1943,wyomingensis,no,,
pachyrhinosaurus,herbivorous,Late Cretaceous,Canada,ceratopsian,6,Dinosauria Ornithischia Genasauria Cerapoda Marginocephalia Ceratopsia Neoceratopsia Coronosauria Ceratopsidae Centrosaurinae,1950,canadensis,no,,
panoplosaurus,herbivorous,Late Cretaceous,USA,armoured dinosaur,7,Dinosauria Ornithischia Genasauria Thyreophora Ankylosauromorpha Ankylosauria Nodosauridae,1919,mirus,no,,
pantydraco,herbivorous,Early Jurassic,Wales,euornithopod,3,Dinosauria Saurischia,2003,caducus,no,,
paralititan,herbivorous,Late Cretaceous,Egypt,sauropod,28,Dinosauria Saurischia Sauropodomorpha Sauropoda Eusauropoda Neosauropoda Macronaria Camarasauromorpha Titanosauriformes Titanosauria Lithostrotia,2001,stromeri,no,,
parasaurolophus,herbivorous,Late Cretaceous,USA,euornithopod,11,Dinosauria Ornithischia Genasauria Cerapoda Ornithopoda Euornithopoda Iguanadontia Euiguanadontia Dryomorpha Ankylopollexia Iguanodontoidea Hadrosauridae Euhadrosauria Lambeosaurinae,1922,walkeri,no,,
parksosaurus,herbivorous,Late Cretaceous,Canada,euornithopod,3,Dinosauria Ornithischia Genasauria Cerapoda Ornithopoda Euornithopoda,1937,warrenae,no,,
patagosaurus,herbivorous,Mid Jurassic,Argentina,sauropod,18,Dinosauria Saurischia Sauropodomorpha Sauropoda Eusauropoda Cetiosauridae,1979,fariasi,no,,
pelicanimimus,carnivorous,Early Cretaceous,Spain,small theropod,2,Dinosauria Saurischia Theropoda Neotheropoda Tetanurae Avetheropoda Coelurosauria Tyrannoraptora Maniraptoriformes Ornithomimosauria,1994,polyodon,no,,
pelorosaurus,herbivorous,Early Cretaceous,United Kingdom,sauropod,25,Dinosauria Saurischia Sauropodomorpha Sauropoda Eusauropoda Neosauropoda Macronaria Camarasauromorpha Titanosauriformes,1850,conybearei,no,,
pentaceratops,herbivorous,Late Cretaceous,USA,ceratopsian,6.8,Dinosauria Ornithischia Genasauria Cerapoda Marginocephalia Ceratopsia Neoceratopsia Coronosauria Ceratopsidae Chasmosaurinae,1923,sternbergi,no,,
piatnitzkysaurus,carnivorous,Late Jurassic,Argentina,large theropod,4.2,Dinosauria Saurischia Theropoda Neotheropoda Tetanurae Spinosauroidea Megalosauridae Eustreptospondylinae,1979,floresi,no,,
pinacosaurus,herbivorous,Late Cretaceous,Mongolia,armoured dinosaur,5,Dinosauria Ornithischia Genasauria Thyreophora Ankylosauromorpha Ankylosauria Ankylosauridae,1933,grangeri,no,,
plateosaurus,herbivorous,Late Triassic,Switzerland,sauropod,7,Dinosauria Saurischia Sauropodomorpha Prosauropoda Plateosauria Plateosauridae,1837,engelhardti,no,,
podokesaurus,carnivorous,Mid Jurassic,USA,small theropod,0.9,Dinosauria Saurischia Theropoda Neotheropoda Coelophysoidea,1911,holyokensis,no,,
poekilopleuron,carnivorous,Mid Jurassic,France,large theropod,9,Dinosauria Saurischia Theropoda Neotheropoda Tetanurae Spinosauroidea Megalosauridae Megalosaurinae,1838,bucklandii,no,,
polacanthus,herbivorous,Early Cretaceous,United Kingdom,armoured dinosaur,5,Dinosauria Ornithischia Genasauria Thyreophora Ankylosauromorpha Ankylosauria,1881,foxii,no,,
prenocephale,herbivorous,Late Cretaceous,Mongolia,euornithopod,2.4,Dinosauria Ornithischia Genasauria Cerapoda Marginocephalia Pachycephalosauria Goyocephala Homalocephaloidea Pachycephalosauridae,1974,prenes,no,,
probactrosaurus,herbivorous,Early Cretaceous,China,euornithopod,6,Dinosauria Ornithischia Genasauria Cerapoda Ornithopoda Euornithopoda Iguanadontia Euiguanadontia Dryomorpha Ankylopollexia Iguanodontoidea,1966,gobiensis,no,,
proceratosaurus,carnivorous,Mid Jurassic,United Kingdom,small theropod,4.1,Dinosauria Saurischia Theropoda Neotheropoda Tetanurae Avetheropoda Coelurosauria,1910,bradleyi,no,,
procompsognathus,carnivorous,Late Triassic,Germany,small theropod,1,Dinosauria Saurischia Theropoda Neotheropoda Coelophysoidea,1913,triassicus,no,,
prosaurolophus,herbivorous,Late Cretaceous,USA,euornithopod,7.6,Dinosauria Ornithischia Genasauria Cerapoda Ornithopoda Euornithopoda Iguanadontia Euiguanadontia Dryomorpha Ankylopollexia Iguanodontoidea Hadrosauridae Euhadrosauria Hadrosaurinae,1916,maximus,no,,
protarchaeopteryx,carnivorous,Early Cretaceous,China,small theropod,2,Dinosauria Saurischia Theropoda Neotheropoda Tetanurae Avetheropoda Coelurosauria Tyrannoraptora Maniraptoriformes Maniraptora Paraves Eumaniraptora,1997,robusta,no,,
protoceratops,herbivorous,Late Cretaceous,Mongolia,ceratopsian,1.8,Dinosauria Ornithischia Genasauria Cerapoda Marginocephalia Ceratopsia Neoceratopsia Coronosauria,1923,andrewsi,no,,
protohadros,herbivorous,Late Cretaceous,USA,euornithopod,6,Dinosauria Ornithischia Genasauria Cerapoda Ornithopoda Euornithopoda Iguanadontia Euiguanadontia Dryomorpha Ankylopollexia Iguanodontoidea,1998,byrdi,no,,
psittacosaurus,herbivorous,Early Cretaceous,Russia,ceratopsian,2,Dinosauria Ornithischia Genasauria Cerapoda Marginocephalia Ceratopsia Psittacosauridae,1923,mongoliensis,no,,
quaesitosaurus,herbivorous,Late Cretaceous,Mongolia,sauropod,23,Dinosauria Saurischia Sauropodomorpha Sauropoda Eusauropoda Neosauropoda Diplodocoidea Nemegtosauridae,1983,orientalis,no,,
rebbachisaurus,herbivorous,Early Cretaceous,Morocco,sauropod,20,Dinosauria Saurischia Sauropodomorpha Sauropoda Eusauropoda Neosauropoda Diplodocoidea Rebbachisauridae,1954,garasbae,no,,
rhabdodon,herbivorous,Late Cretaceous,Spain,euornithopod,4,Dinosauria Ornithischia Genasauria Cerapoda Ornithopoda Euornithopoda Iguanadontia Rhabdodontidae,1869,priscus,no,,
rhoetosaurus,herbivorous,Mid Jurassic,Australia,sauropod,15,Dinosauria Saurischia Sauropodomorpha Sauropoda,1926,brownei,no,,
rinchenia,omnivorous,Late Cretaceous,Mongolia,small theropod,2.5,Dinosauria Saurischia Theropoda Neotheropoda Tetanurae Avetheropoda Coelurosauria Tyrannoraptora Maniraptoriformes Maniraptora Oviraptorosauria Caenagnathoidea Oviraptoridae Oviraptorinae,1986,mongoliensis,no,,
riojasaurus,omnivorous,Late Triassic,Argentina,sauropod,5.15,Dinosauria Saurischia Sauropodomorpha Prosauropoda Anchisauria Melanorosauridae,1969,incertus,no,,
rugops,carnivorous,Late Cretaceous,Niger,large theropod,7,Dinosauria Saurischia Theropoda Neotheropoda Ceratosauria Neoceratosauria Abelisauridae,2004,primus,no,,
saichania,herbivorous,Late Cretaceous,Mongolia,armoured dinosaur,6.6,Dinosauria Ornithischia Genasauria Thyreophora Ankylosauromorpha Ankylosauria Ankylosauridae,1977,chulsanensis,no,,
saltasaurus,herbivorous,Late Cretaceous,Argentina,sauropod,12,Dinosauria Saurischia Sauropodomorpha Sauropoda Eusauropoda Neosauropoda Macronaria Camarasauromorpha Titanosauriformes Titanosauria Lithostrotia Saltasauridae,1980,loricatus,no,,
saltopus,carnivorous,Late Triassic,United Kingdom,small theropod,1,Dinosauria,1910,elginensis,no,,
sarcosaurus,carnivorous,Early Jurassic,United Kingdom,small theropod,3,Dinosauria Saurischia Theropoda Neotheropoda Ceratosauria,1921,woodi,no,,
saurolophus,herbivorous,Late Cretaceous,Mongolia,euornithopod,9,Dinosauria Ornithischia Genasauria Cerapoda Ornithopoda Euornithopoda Iguanadontia Euiguanadontia Dryomorpha Ankylopollexia Iguanodontoidea Hadrosauridae Euhadrosauria Hadrosaurinae,1912,osborni,no,,
sauropelta,herbivorous,Early Cretaceous,USA,armoured dinosaur,6.5,Dinosauria Ornithischia Genasauria Thyreophora Ankylosauromorpha Ankylosauria Nodosauridae,1970,edwardsorum,no,,
saurophaganax,carnivorous,Late Jurassic,USA,large theropod,12,Dinosauria Saurischia Theropoda Neotheropoda Tetanurae Avetheropoda Carnosauria Allosauroidea Allosauridae,1996,maximus,no,,
saurornithoides,carnivorous,Late Cretaceous,Mongolia,small theropod,3,Dinosauria Saurischia Theropoda Neotheropoda Tetanurae Avetheropoda Coelurosauria Tyrannoraptora Maniraptoriformes Maniraptora Paraves Eumaniraptoria Troodontidae,1924,mongoliensis,no,,
scelidosaurus,herbivorous,Early Jurassic,United Kingdom,armoured dinosaur,4,Dinosauria Ornithischia Genasauria Thyreophora Scelidosauridae,1868,harrisonii,no,,
scutellosaurus,herbivorous,Early Jurassic,USA,armoured dinosaur,1.2,Dinosauria Ornithischia Genasauria Thyreophora,1981,lawleri,no,,
secernosaurus,herbivorous,Late Cretaceous,Argentina,euornithopod,3,Dinosauria Ornithischia Genasauria Cerapoda Ornithopoda Euornithopoda Iguanadontia Euiguanadontia Dryomorpha Ankylopollexia Iguanodontoidea Hadrosauridae,1979,koerneri,no,,
segisaurus,carnivorous,Mid Jurassic,USA,small theropod,1.5,Dinosauria Saurischia Theropoda Neotheropoda Coelophysoidea Coelophysidae,1936,halli,no,,
segnosaurus,carnivorous,Late Cretaceous,Mongolia,large theropod,4,Dinosauria Saurischia Theropoda Neotheropoda Tetanurae Avetheropoda Coelurosauria Tyrannoraptora Maniraptoriformes Maniraptora Therizinosauroidea Therizinosauridae,1979,galbinensis,no,,
shamosaurus,herbivorous,Early Cretaceous,Mongolia,armoured dinosaur,5,Dinosauria Ornithischia Genasauria Thyreophora Ankylosauromorpha Ankylosauria Ankylosauridae,1983,scutatus,no,,
shanag,carnivorous,Early Cretaceous,Mongolia,small theropod,0.45,Dinosauria Saurischia,2007,ashile,no,,
shantungosaurus,herbivorous,Late Cretaceous,China,euornithopod,15,Dinosauria Ornithischia Genasauria Cerapoda Ornithopoda Euornithopoda Iguanadontia Euiguanadontia Dryomorpha Ankylopollexia Iguanodontoidea Hadrosauridae Euhadrosauria Hadrosaurinae,1973,giganteus,no,,
shunosaurus,herbivorous,Mid Jurassic,China,sauropod,10,Dinosauria Saurischia Sauropodomorpha Sauropoda Eusauropoda,1983,lii,no,,
shuvuuia,omnivorous,Late Cretaceous,Mongolia,small theropod,0.6,Dinosauria Saurischia Theropoda Neotheropoda Tetanurae Avetheropoda Coelurosauria Tyrannoraptora Maniraptoriformes Maniraptora Alvarezsauridae,1998,deserti,no,,
silvisaurus,herbivorous,Early Cretaceous,USA,armoured dinosaur,4,Dinosauria Ornithischia Genasauria Thyreophora Ankylosauromorpha Ankylosauria Nodosauridae,1960,condrayi,no,,
sinocalliopteryx,carnivorous,Early Cretaceous,China,small theropod,2.37,Dinosauria Saurischia,2007,gigas,no,,
sinornithosaurus,carnivorous,Early Cretaceous,China,small theropod,2,Dinosauria Saurischia Theropoda Neotheropoda Tetanurae Avetheropoda Coelurosauria Tyrannoraptora Maniraptoriformes Maniraptora Paraves Eumaniraptora Dromaeosauridae,1999,millenii,no,,
sinosauropteryx,carnivorous,Early Cretaceous,China,small theropod,1,Dinosauria Saurischia Theropoda Neotheropoda Tetanurae Avetheropoda Coelurosauria Compsognathidae,1996,prima,no,,
sinovenator,carnivorous,Early Cretaceous,China,small theropod,1,Dinosauria Saurischia Theropoda Neotheropoda Tetanurae Avetheropoda Coelurosauria Tyrannoraptora Maniraptoriformes Maniraptora Paraves Eumaniraptoria Troodontidae,2002,changii,no,,
sinraptor,carnivorous,Mid Jurassic,China,large theropod,7.6,Dinosauria Saurischia Theropoda Neotheropoda Tetanurae Avetheropoda Carnosauria Allosauroidea Sinraptoridae,1992,hepingensis,no,,
sonidosaurus,herbivorous,Late Cretaceous,China,sauropod,9,Dinosauria Saurischia Sauropodomorpha Sauropoda Eusauropoda Neosauropoda Macronaria Camarasauromorpha Titanosauriformes Titanosauria,2006,saihangaobiensis,no,,
spinosaurus,carnivorous,Late Cretaceous,Morocco,large theropod,18,Dinosauria Saurischia Theropoda Neotheropoda Tetanurae Spinosauroidea Spinosauridae Spinosaurinae,1915,aegyptiacus,no,,
staurikosaurus,carnivorous,Late Triassic,Brazil,large theropod,2,Dinosauria Saurischia Theropoda Herrerasauridae,1970,pricei,no,,
stegoceras,herbivorous,Late Cretaceous,USA,euornithopod,2.4,Dinosauria Ornithischia Genasauria Cerapoda Marginocephalia Pachycephalosauria Goyocephala Homalocephaloidea Pachycephalosauridae,1902,validum,no,,
stegosaurus,herbivorous,Late Jurassic,USA,armoured dinosaur,9,Dinosauria Ornithischia Genasauria Thyreophora Stegosauria Stegosauridae Stegosaurinae,1877,armatus,no,,
stenopelix,herbivorous,Early Cretaceous,Germany,ceratopsian,1.5,Dinosauria Ornithischia Genasauria Cerapoda Marginocephalia Pachycephalosauria,1857,valdensis,no,,
struthiomimus,omnivorous,Late Cretaceous,Canada,small theropod,4,Dinosauria Saurischia Theropoda Neotheropoda Tetanurae Avetheropoda Coelurosauria Tyrannoraptora Maniraptoriformes Ornithomimosauria Ornithomimidae,1917,altus,no,,
struthiosaurus,herbivorous,Late Cretaceous,Spain,armoured dinosaur,2.5,Dinosauria Ornithischia Genasauria Thyreophora Ankylosauromorpha Ankylosauria Nodosauridae,1871,austriacus,no,,
styracosaurus,herbivorous,Late Cretaceous,USA,ceratopsian,5.5,Dinosauria Ornithischia Genasauria Cerapoda Marginocephalia Ceratopsia Neoceratopsia Coronosauria Ceratopsidae Centrosaurinae,1913,albertensis,no,,
suchomimus,carnivorous,Early Cretaceous,Niger,large theropod,11,Dinosauria Saurischia Theropoda Neotheropoda Tetanurae Spinosauroidea Spinosauridae Baryonychinae,1998,tenerensis,no,,
supersaurus,herbivorous,Early Cretaceous,USA,sauropod,35,Dinosauria Saurischia Sauropodomorpha Sauropoda Eusauropoda Neosauropoda Diplodocoidea Diplodocidae,1985,vivianae,no,,
talarurus,herbivorous,Late Cretaceous,Mongolia,armoured dinosaur,6,Dinosauria Ornithischia Genasauria Thyreophora Ankylosauromorpha Ankylosauria Ankylosauridae,1952,plicatospineus,no,,
tanius,herbivorous,Late Cretaceous,China,euornithopod,7,Dinosauria Ornithischia Genasauria Cerapoda Ornithopoda Euornithopoda Iguanadontia Euiguanadontia Dryomorpha Ankylopollexia Iguanodontoidea Hadrosauridae,1929,sinensis,no,,
tarbosaurus,carnivorous,Late Cretaceous,Mongolia,large theropod,10,Dinosauria Saurischia Theropoda Neotheropoda Tetanurae Avetheropoda Coelurosauria Tyrannoraptora Tyrannosauroidea Tyrannosauridae Tyrannosaurinae,1955,bataar,no,,
tarchia,herbivorous,Late Cretaceous,Mongolia,armoured dinosaur,8.5,Dinosauria Ornithischia Genasauria Thyreophora Ankylosauromorpha Ankylosauria Ankylosaurinae,1956,gigantea,no,,
telmatosaurus,herbivorous,Late Cretaceous,Spain,euornithopod,5,Dinosauria Ornithischia Genasauria Cerapoda Ornithopoda Euornithopoda Iguanadontia Euiguanadontia Dryomorpha Ankylopollexia Iguanodontoidea Hadrosauridae,1900,transsylvanicus,no,,
tenontosaurus,herbivorous,Early Cretaceous,USA,euornithopod,7,Dinosauria Ornithischia Genasauria Cerapoda Ornithopoda Euornithopoda Iguanadontia,1970,tillettorum,no,,
thecodontosaurus,omnivorous,Late Triassic,United Kingdom,sauropod,2.5,Dinosauria Saurischia Sauropodomorpha Prosauropoda,1843,antiquus,no,,
therizinosaurus,carnivorous,Late Cretaceous,Mongolia,large theropod,12,Dinosauria Saurischia Theropoda Neotheropoda Tetanurae Avetheropoda Coelurosauria Tyrannoraptora Maniraptoriformes Maniraptora Therizinosauroidea Therizinosauridae,1915,cheloniformis,no,,
thescelosaurus,herbivorous,Late Cretaceous,USA,euornithopod,3.5,Dinosauria Ornithischia Genasauria Cerapoda Ornithopoda Euornithopoda,1913,neglectus,no,,
torosaurus,herbivorous,Late Cretaceous,USA,ceratopsian,7.5,Dinosauria Ornithischia Genasauria Cerapoda Marginocephalia Ceratopsia Neoceratopsia Coronosauria Ceratopsidae Chasmosaurinae,1891,latus,no,,
torvosaurus,carnivorous,Late Jurassic,USA,large theropod,10,Dinosauria Saurischia Theropoda Neotheropoda Tetanurae Spinosauroidea Megalosauridae Megalosaurinae,1979,tanneri,no,,
triceratops,herbivorous,Late Cretaceous,USA,ceratopsian,9,Dinosauria Ornithischia Genasauria Cerapoda Marginocephalia Ceratopsia Neoceratopsia Coronosauria Ceratopsidae Chasmosaurinae,1889,horridus,no,,
troodon,carnivorous,Late Cretaceous,USA,small theropod,2,Dinosauria Saurischia Theropoda Neotheropoda Tetanurae Avetheropoda Coelurosauria Tyrannoraptora Maniraptoriformes Maniraptora Paraves Eumaniraptoria Troodontidae,1856,formosus,no,,
tsagantegia,herbivorous,Late Cretaceous,Mongolia,armoured dinosaur,6.5,Dinosauria Ornithischia Genasauria Thyreophora Ankylosauromorpha Ankylosauria Ankylosauridae,1993,longicranialis,no,,
tsintaosaurus,herbivorous,Late Cretaceous,China,euornithopod,12,Dinosauria Ornithischia Genasauria Cerapoda Ornithopoda Euornithopoda Iguanadontia Euiguanadontia Dryomorpha Ankylopollexia Iguanodontoidea Hadrosauridae Euhadrosauria Lambeosaurinae,1958,spinorhinus,no,,
tuojiangosaurus,herbivorous,Late Jurassic,China,armoured dinosaur,7,Dinosauria Ornithischia Genasauria Thyreophora Stegosauria Stegosauridae Stegosaurinae,1973,multispinus,no,,
tylocephale,herbivorous,Late Cretaceous,Mongolia,euornithopod,1.4,Dinosauria Ornithischia Genasauria Cerapoda Marginocephalia Pachycephalosauria Goyocephala Homalocephaloidea Pachycephalosauridae,1974,gilmorei,no,,
tyrannosaurus,carnivorous,Late Cretaceous,USA,large theropod,12,Dinosauria Saurischia Theropoda Neotheropoda Tetanurae Avetheropoda Coelurosauria Tyrannoraptora Tyrannosauroidea Tyrannosauridae Tyrannosaurinae,1905,rex,no,,
udanoceratops,herbivorous,Late Cretaceous,Mongolia,ceratopsian,4,Dinosauria Ornithischia Genasauria Cerapoda Marginocephalia Ceratopsia Neoceratopsia,1992,tschizhovi,no,,
unenlagia,carnivorous,Late Cretaceous,Argentina,small theropod,2.4,Dinosauria Saurischia Theropoda Neotheropoda Tetanurae Avetheropoda Coelurosauria Tyrannoraptora Maniraptoriformes Maniraptora Paraves Eumaniraptora Dromaeosauridae,1997,comahuensis,no,,
urbacodon,carnivorous,Late Cretaceous,Uzbekistan,small theropod,1,Dinosauria Saurischia,2007,itemirensis,no,,
utahraptor,carnivorous,Early Cretaceous,USA,large theropod,6,Dinosauria Saurischia Theropoda Neotheropoda Tetanurae Avetheropoda Coelurosauria Tyrannoraptora Maniraptoriformes Maniraptora Paraves Eumaniraptora Dromaeosauridae,1993,ostrommaysorum,no,,
valdosaurus,herbivorous,Early Cretaceous,United Kingdom,euornithopod,3,Dinosauria Ornithischia Genasauria Cerapoda Ornithopoda Euornithopoda Iguanadontia Euiguanadontia Dryomorpha Dryosauridae,1975,canaliculatus,no,,
velociraptor,carnivorous,Late Cretaceous,Mongolia,small theropod,1.8,Dinosauria Saurischia Theropoda Neotheropoda Tetanurae Avetheropoda Coelurosauria Tyrannoraptora Maniraptoriformes Maniraptora Paraves Eumaniraptora Dromaeosauridae,1924,mongoliensis,no,,
vulcanodon,herbivorous,Early Jurassic,Zimbabwe,sauropod,6.5,Dinosauria Saurischia Sauropodomorpha Sauropoda Vulcanodontidae,1972,karibaensis,no,,
yandusaurus,herbivorous,Mid Jurassic,China,euornithopod,3,Dinosauria Ornithischia Genasauria Cerapoda Ornithopoda Euornithopoda,1979,hongheensis,no,,
yangchuanosaurus,carnivorous,Late Jurassic,China,large theropod,10,Dinosauria Saurischia Theropoda Neotheropoda Tetanurae Avetheropoda Carnosauria Allosauroidea Sinraptoridae,1978,shangyouensis,no,,
yimenosaurus,herbivorous,Early Jurassic,China,sauropod,9,Dinosauria Saurischia Sauropodomorpha Prosauropoda,1990,youngi,no,,
yingshanosaurus,herbivorous,Late Jurassic,China,armoured dinosaur,4.5,Dinosauria Ornithischia Genasauria Thyreophora Stegosauria,1992,jichuanensis,no,,
yinlong,herbivorous,Mid Jurassic,China,ceratopsian,1.2,Dinosauria Ornithischia Genasauria Cerapoda Marginocephalia Ceratopsia,2006,downsi,no,,
yuanmousaurus,herbivorous,Mid Jurassic,China,sauropod,17,Dinosauria Saurischia Sauropodomorpha Sauropoda Eusauropoda,2006,jiangyiensis,no,,
yunnanosaurus,omnivorous,Early Jurassic,China,sauropod,7,Dinosauria Saurischia Sauropodomorpha Prosauropoda Plateosauria,1942,huangi,no,,
zalmoxes,herbivorous,Late Cretaceous,Romania,euornithopod,3,Dinosauria Ornithischia Genasauria Cerapoda Ornithopoda Euornithopoda Iguanadontia Rhabdodontidae,1902,robustus,no,,
zephyrosaurus,herbivorous,Early Cretaceous,USA,euornithopod,1.8,Dinosauria Ornithischia Genasauria Cerapoda Ornithopoda Euornithopoda,1980,schaffi,no,,
zuniceratops,herbivorous,Late Cretaceous,USA,ceratopsian,2.2,Dinosauria Ornithischia Genasauria Cerapoda Marginocephalia Ceratopsia Neoceratopsia Coronosauria,1998,christopheri,no,,
